Campo Shopify;SIX01 - inCharge 6;X01W - inCharge X;XLXS04E - inCharge XL Pocket;XLS01E - inCharge XL 30cm;XS01E - inCharge XS 240W

PRODUCT TITLE;inCharge 6 - 6-in-1 Keyring Charging Cable | USB-C Lightning Micro-USB USB-A | Data Transfer | Compact Multi Cable for All Devices;inCharge X - 100W 6-in-1 Keyring Cable | USB-C Lightning Micro-USB | Fast Charging for MacBook iPhone Android | Data Transfer 480Mbps;inCharge XL Pocket - 100W 6-in-1 Keyring Cable | USB-C Lightning Micro-USB | Fast Charging Cable | Compact Travel Essential;inCharge XL 30cm - 100W 6-in-1 Travel Cable | USB-C Lightning Micro-USB | Fast Charging for Laptop Phone | 1ft Multi Cable;inCharge XS - 240W 4-in-1 Keyring Cable | USB-C Lightning USB-A | Ultra-Fast Laptop Charging | Data Transfer | Swiss Designed

SEO META TITLE;inCharge 6 - 6-in-1 Keyring Cable | All Devices;inCharge X - 100W 6-in-1 Keyring Cable | Fast Charge;inCharge XL Pocket - 100W 6-in-1 Keyring Cable;inCharge XL 30cm - 100W 6-in-1 Travel Cable | 1ft;inCharge XS - 240W 4-in-1 Keyring Cable | USB-C

SEO META DESCRIPTION;6-in-1 keyring cable that charges any device. USB-C, Lightning, Micro-USB & USB-A in one compact cable. Data transfer, Swiss designed, attaches to your keys. $19.90;100W 6-in-1 keyring cable for MacBook, iPhone & Android. USB-C, Lightning, Micro-USB. 480Mbps data transfer, aramid fiber, zinc-alloy connectors. Swiss designed. 23g. $29.90;100W 6-in-1 keyring cable with all connectors in a compact pocket format. Charges MacBook, iPhone & Android. Fast charging + data transfer. Swiss designed. $29.90;100W 6-in-1 cable, 30cm/1ft. Perfect for power banks & desk. USB-C, Lightning, Micro-USB. Charges MacBook at full speed. Nylon braided, Swiss designed. $29.90;240W 4-in-1 keyring cable — the most powerful keychain cable ever. Charges any USB-C laptop at full speed. 480Mbps data, aramid fiber. Swiss designed. $29.90

URL HANDLE;incharge-6-keyring-cable-6-in-1;incharge-x-100w-keyring-cable-6-in-1;incharge-xl-pocket-100w-keyring-cable;incharge-xl-30cm-travel-cable-100w;incharge-xs-240w-keyring-cable-4-in-1

PRODUCT TYPE;Charging Cable;Charging Cable;Charging Cable;Charging Cable;Charging Cable

VENDOR;Rolling Square;Rolling Square;Rolling Square;Rolling Square;Rolling Square

TAGS;keyring cable, 6 in 1, multi cable, USB-C, Lightning, Micro-USB, USB-A, charging cable, data transfer, keychain cable, travel cable, EDC, portable cable, Swiss design, gift under 20, compact cable, all devices;keyring cable, 6 in 1, multi cable, 100W, USB-C, Lightning, Micro-USB, fast charging, MacBook charger, data transfer 480Mbps, keychain cable, travel cable, EDC, aramid fiber, Swiss design, power delivery;keyring cable, 6 in 1, multi cable, 100W, USB-C, Lightning, Micro-USB, fast charging, pocket cable, compact, keychain, travel, EDC, Swiss design, power delivery;travel cable, 6 in 1, multi cable, 100W, USB-C, Lightning, Micro-USB, fast charging, 30cm, 1ft, short cable, desk cable, power bank cable, nylon braided, Swiss design;keyring cable, 4 in 1, 240W, USB-C, Lightning, USB-A, ultra fast charging, laptop charger, MacBook cable, data transfer, aramid fiber, EDC, travel cable, Swiss design, most powerful keychain cable

PRICE;$19.90;$29.90;$29.90;$29.90;$29.90

DESCRIPTION - HERO SECTION;"<h2>One Cable for All Your Devices — On Your Keyring</h2>
<p>inCharge 6 packs <strong>6 charging combinations</strong> into a cable small enough to live on your keyring. USB-C, Lightning, Micro-USB, and USB-A — it charges virtually any device from any power source. No more forgetting cables or carrying a tangled mess in your bag.</p>
<p>At just <strong>$19.90</strong>, it's the most affordable way to always have a universal charging cable with you. Attach it to your keys, clip it to your bag, or drop it in your pocket. You'll never be caught without a cable again.</p>
<p><strong>Featured in:</strong> Pack Hacker, The Brooks Review</p>";"<h2>100W Fast Charging in a Cable That Fits on Your Keyring</h2>
<p>inCharge X delivers <strong>100W USB-C Power Delivery</strong> and <strong>6 different charging combinations</strong> in a cable that weighs just <strong>23 grams</strong> and folds to 7.1cm. It charges MacBook Air at full speed, fast-charges iPhone at 27W, and handles every USB device in between — all from your keychain.</p>
<p>Built with <strong>aramid fiber reinforcement</strong> and <strong>zinc-aluminum alloy connectors</strong>, the inCharge X is the cable that replaced the cable drawer for over 400,000 backers. <strong>4.66/5 stars from 412+ reviews.</strong></p>
<p><strong>Featured in:</strong> Pack Hacker, Cult of Mac, Android Central, The IT Nerd, The Brooks Review</p>";"<h2>6-in-1 Power in a Pocket-Sized Keyring Cable</h2>
<p>inCharge XL Pocket brings the full <strong>100W, 6-in-1</strong> versatility of the inCharge XL into a <strong>compact keyring format</strong>. At 6.1 inches, it's long enough to comfortably connect your phone to a power bank, but small enough to attach to your keys and always have with you.</p>
<p>All six charging combinations — USB-C, Lightning, and Micro-USB from both USB-A and USB-C sources — packed into a <strong>nylon braided, aramid fiber reinforced</strong> cable. The perfect middle ground between keyring portability and usable length.</p>
<p><strong>Designed and engineered in Switzerland.</strong></p>";"<h2>The Only Cable You Need in Your Travel Bag</h2>
<p>inCharge XL 30cm is a <strong>100W, 6-in-1 cable</strong> at the ideal length for travel: <strong>30cm / 1 foot</strong>. Long enough to reach from a power bank to your phone, short enough to stay tangle-free in your bag. It handles <strong>6 different charging combinations</strong> — USB-C, Lightning, and Micro-USB from both USB-A and USB-C inputs.</p>
<p>Charges <strong>MacBook Air at full 100W speed</strong>, fast-charges iPhone at 27W, and supports every USB device in between. Built with <strong>nylon braided cord and aramid fiber reinforcement</strong> for daily durability. <strong>4.71/5 stars from 291+ reviews.</strong></p>
<p><strong>Featured in:</strong> Pack Hacker, The IT Nerd, The Brooks Review</p>";"<h2>240W — The Most Powerful Keyring Cable Ever Made</h2>
<p>inCharge XS delivers <strong>240W USB-C to USB-C charging</strong> — enough to charge any MacBook Pro, any USB-C laptop, any tablet, and any phone at their maximum speed. All in a cable that fits on your keyring at just <strong>15.5cm / 6 inches</strong>.</p>
<p>With <strong>4 charging combinations</strong> (USB-C, Lightning, USB-A), <strong>480Mbps data transfer</strong>, and an <strong>aramid fiber + nylon braided</strong> build, the XS replaces four separate cables with one that's always in your pocket.</p>
<p><strong>Featured in:</strong> Android Central (""This keyring cable charges at 240W""), Pack Hacker, The Brooks Review</p>"

DESCRIPTION - KEY FEATURES BULLETS;"<h3>Why Choose inCharge 6</h3>
<ul>
<li><strong>6 Charging Combinations:</strong> USB-A to USB-C, USB-A to Lightning, USB-A to Micro-USB, USB-C to USB-C, USB-C to Lightning, USB-C to Micro-USB — one cable for literally every device.</li>
<li><strong>Data Transfer:</strong> Sync files between devices at USB 2.0 speeds. Most keychain cables only charge — inCharge 6 does both.</li>
<li><strong>Keyring Design:</strong> Compact enough to attach to your keys and always have with you. Never forget a cable again.</li>
<li><strong>Nylon Braided:</strong> Custom nylon braiding with reinforced joints for durability beyond generic plastic cables.</li>
<li><strong>Best Value:</strong> At $19.90, it's the most affordable 6-in-1 cable from a premium Swiss brand. Compare: pzoz 4-in-1 $15, but only 60W and no Micro-USB output.</li>
<li><strong>Legacy Device Support:</strong> Still have Micro-USB devices (Kindle, older headphones, e-readers)? inCharge 6 has you covered.</li>
<li><strong>Swiss Designed:</strong> Designed and engineered in Switzerland.</li>
</ul>";"<h3>Why Choose inCharge X</h3>
<ul>
<li><strong>100W USB-C Power Delivery:</strong> Charges MacBook Air at full speed. 27W Apple Fast Charging gets iPhone from 0-50% in ~30 minutes. No other keyring cable matches this wattage.</li>
<li><strong>6 Charging Combinations:</strong> USB-C to USB-C (100W), USB-C to Lightning (27W), USB-C to Micro-USB, USB-A to USB-C, USB-A to Lightning, USB-A to Micro-USB.</li>
<li><strong>Only 23 Grams:</strong> Lighter than 3 coins. Folded: 7.1 x 1.3 x 0.5cm. Extended: 14.5cm. Fits in any pocket or on any keyring.</li>
<li><strong>480Mbps Data Transfer:</strong> Sync photos, files, and music across all connector types. USB 2.0 across every combination.</li>
<li><strong>Aramid Fiber + Zinc-Alloy:</strong> Internal aramid fiber reinforcement (same material used in bulletproof vests). Zinc-aluminum alloy connectors resist scratches and corrosion.</li>
<li><strong>Magnetic Folding:</strong> Strong neodymium magnets hold the cable folded. Snaps shut for clean pocket carry.</li>
<li><strong>400,000+ Backers:</strong> Originally crowdfunded with massive community support. 4.66/5 stars from 412+ reviews.</li>
<li><strong>Swiss Designed:</strong> Designed and engineered in Switzerland.</li>
</ul>";"<h3>Why Choose inCharge XL Pocket</h3>
<ul>
<li><strong>100W USB-C Fast Charging:</strong> Same 100W Power Delivery as the full-size XL. Charges MacBook Air at full speed. 27W Fast Charging for iPhone.</li>
<li><strong>6 Charging Combinations:</strong> USB-C, Lightning, and Micro-USB from both USB-A and USB-C inputs. One cable for every device you own.</li>
<li><strong>Keyring-Friendly 6.1 Inches:</strong> Longer than inCharge X (5.7in) for more comfortable use with power banks, but still compact enough for your keyring.</li>
<li><strong>480Mbps Data Transfer:</strong> Not just charging — sync files across all connection types.</li>
<li><strong>Aramid Fiber Build:</strong> Nylon braided exterior with internal aramid fiber reinforcement and TPE protection. Built to outlast generic cables.</li>
<li><strong>Protective Tied Cap:</strong> Integrated cap protects connectors from dust and damage when on your keyring.</li>
<li><strong>Swiss Designed:</strong> Designed and engineered in Switzerland.</li>
</ul>";"<h3>Why Choose inCharge XL 30cm</h3>
<ul>
<li><strong>100W USB-C Power Delivery:</strong> Charges MacBook Air at full speed. 27W Fast Charging for iPhone (0-50% in ~30 min).</li>
<li><strong>6 Charging Combinations:</strong> USB-C, Lightning, and Micro-USB from both USB-A and USB-C inputs. Works with every USB device.</li>
<li><strong>Perfect 30cm / 1ft Length:</strong> Ideal for power bank to phone. Ideal for desk charging. Short enough to stay tangle-free, long enough to be practical.</li>
<li><strong>480Mbps Data Transfer:</strong> Sync files between any connected devices at USB 2.0 speed.</li>
<li><strong>Nylon Braided + Aramid Fiber:</strong> Premium materials for daily abuse. Reinforced stress points at connector joints.</li>
<li><strong>3 Color Options:</strong> Urban Black, Glacier White, Summit Yellow.</li>
<li><strong>4.71/5 Stars:</strong> Rated by 291+ verified customers.</li>
<li><strong>Swiss Designed:</strong> Designed and engineered in Switzerland.</li>
</ul>";"<h3>Why Choose inCharge XS</h3>
<ul>
<li><strong>240W USB-C to USB-C:</strong> The most powerful keyring cable ever made. Charges MacBook Pro 16"" at full speed (48V/5A). No other keychain cable comes close to 240W.</li>
<li><strong>27W iPhone Fast Charging:</strong> USB-C to Lightning charges iPhone from 0-50% in ~30 minutes.</li>
<li><strong>4 Charging Combinations:</strong> USB-C to USB-C (240W), USB-C to Lightning (27W), USB-A to USB-C, USB-A to Lightning. Modern connectors only — no legacy Micro-USB.</li>
<li><strong>480Mbps Data Transfer:</strong> Sync files and data across all connections. USB 2.0 speeds on every combination.</li>
<li><strong>Aramid Fiber + Nylon Braided:</strong> Internal aramid fiber reinforcement, braided copper wires, TPU protection layer, nylon braided exterior. 4 layers of durability.</li>
<li><strong>Permanently Tethered Cap:</strong> Silicone cap stays attached — never lose it. Protects connectors when on your keyring.</li>
<li><strong>15.5cm / 6 Inches:</strong> Compact enough for keyring, long enough for comfortable use with power banks and wall chargers.</li>
<li><strong>Swiss Designed:</strong> Designed and engineered in Switzerland.</li>
</ul>"

DESCRIPTION - COMPARISON VS COMPETITORS;"<h3>How inCharge 6 Compares</h3>
<table>
<thead><tr><th>Feature</th><th>inCharge 6</th><th>PONICOR 6-in-1</th><th>TapTag 6-in-1</th><th>Amazon Generic</th></tr></thead>
<tbody>
<tr><td>Connections</td><td>6-in-1</td><td>6-in-1</td><td>6-in-1</td><td>3-in-1 to 6-in-1</td></tr>
<tr><td>Max Wattage</td><td>15W</td><td>60W</td><td>15W</td><td>10-15W</td></tr>
<tr><td>Data Transfer</td><td>✅ Yes</td><td>✅ Yes</td><td>❌ No</td><td>❌ Usually No</td></tr>
<tr><td>Build Material</td><td>Nylon braided, reinforced joints</td><td>Nylon braided</td><td>Silicone</td><td>Plastic/PVC</td></tr>
<tr><td>Keyring Design</td><td>✅ Integrated</td><td>✅ Integrated</td><td>✅ Integrated</td><td>❌ Most don't</td></tr>
<tr><td>Design Origin</td><td>Swiss Designed</td><td>China</td><td>USA</td><td>China</td></tr>
<tr><td>Price</td><td>$19.90</td><td>$12.99</td><td>$14.99</td><td>$8-15</td></tr>
<tr><td>Reviews / Rating</td><td>Verified brand, multi-year track record</td><td>Limited reviews</td><td>Limited reviews</td><td>Mixed quality</td></tr>
</tbody></table>";"<h3>How inCharge X Compares</h3>
<table>
<thead><tr><th>Feature</th><th>inCharge X</th><th>pzoz 4-in-1 Keychain</th><th>Chubbycable 6-in-1</th><th>PONICOR 6-in-1</th></tr></thead>
<tbody>
<tr><td>Connections</td><td>6-in-1</td><td>4-in-1</td><td>6-in-1</td><td>6-in-1</td></tr>
<tr><td>Max Wattage</td><td>100W USB-C PD</td><td>60W</td><td>100W</td><td>60W</td></tr>
<tr><td>Data Transfer</td><td>✅ 480Mbps all ports</td><td>✅ Limited</td><td>❌ No</td><td>✅ 480Mbps</td></tr>
<tr><td>Weight</td><td>23g</td><td>~30g</td><td>~25g</td><td>~28g</td></tr>
<tr><td>Build Material</td><td>Aramid fiber + zinc-alloy</td><td>Nylon + metal</td><td>Silicone</td><td>Nylon braided</td></tr>
<tr><td>Magnetic Folding</td><td>✅ Neodymium magnets</td><td>❌</td><td>❌</td><td>❌</td></tr>
<tr><td>Charges MacBook</td><td>✅ Full 100W speed</td><td>❌ Only 60W</td><td>✅ 100W</td><td>❌ Only 60W</td></tr>
<tr><td>Design Origin</td><td>Swiss Designed</td><td>China</td><td>China</td><td>China</td></tr>
<tr><td>Price</td><td>$29.90</td><td>$15.99</td><td>$16.99</td><td>$12.99</td></tr>
<tr><td>Reviews</td><td>4.66/5 (412+)</td><td>4.3/5</td><td>4.2/5</td><td>4.0/5</td></tr>
</tbody></table>";"<h3>How inCharge XL Pocket Compares</h3>
<table>
<thead><tr><th>Feature</th><th>XL Pocket</th><th>inCharge X</th><th>inCharge XL 30cm</th><th>pzoz Keychain</th></tr></thead>
<tbody>
<tr><td>Connections</td><td>6-in-1</td><td>6-in-1</td><td>6-in-1</td><td>4-in-1</td></tr>
<tr><td>Max Wattage</td><td>100W</td><td>100W</td><td>100W</td><td>60W</td></tr>
<tr><td>Length</td><td>6.1in / 15.5cm</td><td>5.7in / 14.5cm</td><td>12in / 30cm</td><td>7.3in / 18.5cm</td></tr>
<tr><td>Keyring Friendly</td><td>✅</td><td>✅</td><td>❌ Too long</td><td>✅</td></tr>
<tr><td>Data Transfer</td><td>✅ 480Mbps</td><td>✅ 480Mbps</td><td>✅ 480Mbps</td><td>✅ Limited</td></tr>
<tr><td>Build Material</td><td>Aramid fiber + nylon</td><td>Aramid fiber + zinc-alloy</td><td>Aramid fiber + nylon</td><td>Nylon + metal</td></tr>
<tr><td>Best For</td><td>Keyring carry + power bank use</td><td>Minimal keyring carry</td><td>Travel bag + desk</td><td>Basic keyring carry</td></tr>
<tr><td>Price</td><td>$29.90</td><td>$29.90</td><td>$29.90</td><td>$15.99</td></tr>
</tbody></table>";"<h3>How inCharge XL 30cm Compares</h3>
<table>
<thead><tr><th>Feature</th><th>inCharge XL 30cm</th><th>CableCreation 6in USB-C</th><th>Anker Short USB-C</th><th>PONICOR 6-in-1</th></tr></thead>
<tbody>
<tr><td>Connections</td><td>6-in-1</td><td>1 (USB-A to USB-C)</td><td>1 (USB-C to USB-C)</td><td>6-in-1</td></tr>
<tr><td>Max Wattage</td><td>100W USB-C PD</td><td>18W</td><td>60W</td><td>60W</td></tr>
<tr><td>Length</td><td>30cm / 1ft</td><td>15cm / 6in</td><td>30cm / 1ft</td><td>15cm / 6in</td></tr>
<tr><td>Data Transfer</td><td>✅ 480Mbps all ports</td><td>✅ 480Mbps</td><td>✅ 480Mbps</td><td>✅ 480Mbps</td></tr>
<tr><td>Charges MacBook</td><td>✅ Full 100W</td><td>❌</td><td>❌ Only 60W</td><td>❌ Only 60W</td></tr>
<tr><td>Build Material</td><td>Nylon braided + aramid fiber</td><td>Nylon braided</td><td>Nylon braided</td><td>Nylon braided</td></tr>
<tr><td>Device Versatility</td><td>Any USB device</td><td>USB-C only</td><td>USB-C only</td><td>Any USB device</td></tr>
<tr><td>Design Origin</td><td>Swiss Designed</td><td>China</td><td>China</td><td>China</td></tr>
<tr><td>Price</td><td>$29.90</td><td>$7.99</td><td>$9.99</td><td>$12.99</td></tr>
</tbody></table>";"<h3>How inCharge XS Compares</h3>
<table>
<thead><tr><th>Feature</th><th>inCharge XS</th><th>inCharge X</th><th>pzoz 4-in-1</th><th>Native Union Key Cable</th></tr></thead>
<tbody>
<tr><td>Max Wattage</td><td>240W</td><td>100W</td><td>60W</td><td>30W</td></tr>
<tr><td>Connections</td><td>4-in-1</td><td>6-in-1</td><td>4-in-1</td><td>1 (USB-C to Lightning)</td></tr>
<tr><td>Charges MacBook Pro</td><td>✅ Full speed (48V/5A)</td><td>✅ MacBook Air speed</td><td>❌ Too slow</td><td>❌ Not USB-C to C</td></tr>
<tr><td>Data Transfer</td><td>✅ 480Mbps</td><td>✅ 480Mbps</td><td>✅ Limited</td><td>✅ 480Mbps</td></tr>
<tr><td>Micro-USB</td><td>❌ Modern only</td><td>✅ Included</td><td>❌</td><td>❌</td></tr>
<tr><td>Build Material</td><td>4-layer: aramid + copper + TPU + nylon</td><td>Aramid + zinc-alloy</td><td>Nylon + metal</td><td>Nylon braided</td></tr>
<tr><td>Tethered Cap</td><td>✅ Never loses cap</td><td>✅ Protective cap</td><td>❌</td><td>N/A</td></tr>
<tr><td>Design Origin</td><td>Swiss Designed</td><td>Swiss Designed</td><td>China</td><td>Hong Kong</td></tr>
<tr><td>Price</td><td>$29.90</td><td>$29.90</td><td>$15.99</td><td>$24.99</td></tr>
</tbody></table>"

DESCRIPTION - USE CASES;"<h3>Perfect For</h3>
<ul>
<li><strong>First-Time Keyring Cable:</strong> The best entry point into always-carry cables. At $19.90, there's no reason not to have one.</li>
<li><strong>Mixed Device Households:</strong> Family with iPhones, Android phones, Kindles, and old Micro-USB headphones? One cable handles all of them.</li>
<li><strong>Emergency Backup:</strong> Keep one on your keys, one in your bag, one at the office. You'll always have a cable when you need it.</li>
<li><strong>Gift Under $20:</strong> The perfect tech gift for anyone. Universal compatibility means it works with any device they own.</li>
<li><strong>Power Bank Companion:</strong> Connect your power bank to any device without carrying separate cables.</li>
</ul>";"<h3>Perfect For</h3>
<ul>
<li><strong>EDC (Everyday Carry) Enthusiasts:</strong> At 23g and 7.1cm folded, the inCharge X is the ultimate EDC cable. Lighter than a house key.</li>
<li><strong>MacBook + iPhone Users:</strong> One cable charges your MacBook Air at 100W AND fast-charges your iPhone at 27W. Replace two cables with one.</li>
<li><strong>Digital Nomads & Travelers:</strong> One cable for every device in every country. USB-C, Lightning, Micro-USB — covered.</li>
<li><strong>Data Transfer on the Go:</strong> Quickly sync photos from your camera, transfer files between phone and laptop, or backup data.</li>
<li><strong>Minimalists:</strong> Replace your cable drawer with one 23g cable on your keyring.</li>
</ul>";"<h3>Perfect For</h3>
<ul>
<li><strong>Power Bank Users:</strong> The extra length (6.1in vs 5.7in for inCharge X) makes connecting to a power bank in your pocket or bag much more comfortable.</li>
<li><strong>Keyring Carry + Daily Use:</strong> Small enough for your keyring, long enough for practical daily charging.</li>
<li><strong>Travelers Who Want It All:</strong> 100W for laptop charging + 6 connectors for every device, in a package you'll never forget at home.</li>
<li><strong>Upgraders from inCharge 6:</strong> Want the same 6-in-1 versatility but with 100W fast charging? XL Pocket is the answer.</li>
</ul>";"<h3>Perfect For</h3>
<ul>
<li><strong>Power Bank to Phone:</strong> 30cm is the ideal length for connecting a power bank in your bag to a phone in your pocket or hand.</li>
<li><strong>Clean Desk Setup:</strong> Short enough to stay tidy on your desk. Long enough to reach from charger to device.</li>
<li><strong>Travel Bag Essential:</strong> Toss it in your carry-on and forget about cable clutter. One cable replaces six.</li>
<li><strong>Mixed-Device Families:</strong> Everyone grabs the same cable — iPhone, Android, old Kindle, Nintendo Switch.</li>
<li><strong>Airport & Cafe Charging:</strong> Plug into any USB outlet and charge any device. No more fighting over outlets.</li>
</ul>";"<h3>Perfect For</h3>
<ul>
<li><strong>Laptop Users on the Go:</strong> 240W charges MacBook Pro 16"", Dell XPS, ThinkPad, and any USB-C laptop at maximum speed. No more carrying bulky laptop chargers.</li>
<li><strong>Power Users:</strong> The highest wattage keyring cable on the market. If you need maximum charging speed in minimum space, this is it.</li>
<li><strong>Modern Device Owners:</strong> USB-C and Lightning only — no legacy Micro-USB. Built for 2024+ device ecosystems.</li>
<li><strong>EDC Minimalists:</strong> One cable replaces your laptop charger cable, phone cable, and tablet cable. 15.5cm fits any keyring or pocket.</li>
<li><strong>Creative Professionals:</strong> Transfer files at 480Mbps between camera, laptop, and phone on location shoots.</li>
</ul>"

DESCRIPTION - TECHNICAL SPECS;"<h3>Technical Specifications</h3>
<ul>
<li><strong>Connections:</strong> 6-in-1 (USB-A to USB-C / Lightning / Micro-USB + USB-C to USB-C / Lightning / Micro-USB)</li>
<li><strong>Max Charging:</strong> 15W</li>
<li><strong>Data Transfer:</strong> USB 2.0, 480Mbps</li>
<li><strong>Cable Material:</strong> Nylon braided with reinforced joints</li>
<li><strong>Connectors:</strong> Metal housing</li>
<li><strong>Form Factor:</strong> Keyring cable with integrated attachment loop</li>
<li><strong>Colors:</strong> Mars Red, Mercury Gray, Venus Blue</li>
<li><strong>Design:</strong> Designed in Switzerland</li>
<li><strong>In the Box:</strong> 1x inCharge 6</li>
</ul>";"<h3>Technical Specifications</h3>
<ul>
<li><strong>Connections:</strong> 6-in-1 (USB-A to USB-C / Lightning / Micro-USB + USB-C to USB-C / Lightning / Micro-USB)</li>
<li><strong>Max Charging:</strong> 100W (USB-C PD), 27W (iPhone Fast Charging)</li>
<li><strong>Data Transfer:</strong> USB 2.0, 480Mbps (all combinations)</li>
<li><strong>Weight:</strong> 23g / 0.81oz</li>
<li><strong>Extended Length:</strong> 14.5cm / 5.7in</li>
<li><strong>Folded Size:</strong> 7.1 x 1.3 x 0.5cm</li>
<li><strong>Cable Material:</strong> Braided nylon + aramid fiber reinforcement</li>
<li><strong>Connectors:</strong> Zinc-aluminum alloy (scratch & corrosion resistant)</li>
<li><strong>Magnets:</strong> Neodymium for secure folding</li>
<li><strong>Compatible Devices:</strong> iPhone 5-16, iPad, MacBook Air/Pro, Android phones (Samsung, Pixel, OnePlus), AirPods, Nintendo Switch, Kindle, any USB device</li>
<li><strong>Colors:</strong> Urban Black, Neptune Blue, Sapphire Blue</li>
<li><strong>Design:</strong> Designed in Switzerland</li>
<li><strong>In the Box:</strong> 1x inCharge X, protective cap, keyring</li>
</ul>";"<h3>Technical Specifications</h3>
<ul>
<li><strong>Connections:</strong> 6-in-1 (USB-A to USB-C / Lightning / Micro-USB + USB-C to USB-C / Lightning / Micro-USB)</li>
<li><strong>Max Charging:</strong> 100W (USB-C PD), 27W (iPhone Fast Charging)</li>
<li><strong>Data Transfer:</strong> USB 2.0, 480Mbps</li>
<li><strong>Length:</strong> 6.1in / 15.5cm</li>
<li><strong>Cable Material:</strong> Nylon braided + aramid fiber + TPE protection</li>
<li><strong>Connectors:</strong> Metal housing with protective tied cap</li>
<li><strong>Form Factor:</strong> Keyring cable with integrated loop</li>
<li><strong>Color:</strong> Dragon Green</li>
<li><strong>SKU:</strong> XLXS04E</li>
<li><strong>Design:</strong> Designed in Switzerland</li>
<li><strong>In the Box:</strong> 1x inCharge XL Pocket</li>
</ul>";"<h3>Technical Specifications</h3>
<ul>
<li><strong>Connections:</strong> 6-in-1 (USB-A to USB-C / Lightning / Micro-USB + USB-C to USB-C / Lightning / Micro-USB)</li>
<li><strong>Max Charging:</strong> 100W (USB-C PD), 27W (iPhone Fast Charging)</li>
<li><strong>Charging Specs:</strong> USB-A out: 9V 2A / 5V 3A | USB-C out: 20V 5A / 9V 3A / 5V 3A | Lightning: 9V 2A / 5V 3A | Micro-USB: 5V 2A / 5V 1A</li>
<li><strong>Data Transfer:</strong> USB 2.0, 480Mbps</li>
<li><strong>Length:</strong> 30cm / 1ft / 12in</li>
<li><strong>Cable Material:</strong> Nylon braided + aramid fiber + TPU protection</li>
<li><strong>Connectors:</strong> Metal housing with integrated adapters and tied cap</li>
<li><strong>Colors:</strong> Urban Black, Glacier White, Summit Yellow</li>
<li><strong>Rating:</strong> 4.71/5 (291+ reviews)</li>
<li><strong>Design:</strong> Designed in Switzerland</li>
<li><strong>In the Box:</strong> 1x inCharge XL 30cm</li>
</ul>";"<h3>Technical Specifications</h3>
<ul>
<li><strong>Connections:</strong> 4-in-1 (USB-A to USB-C / USB-A to Lightning / USB-C to USB-C / USB-C to Lightning)</li>
<li><strong>Max Charging:</strong> 240W (USB-C to USB-C: 48V 5A / 20V 5A / 9V 3A / 5V 3A)</li>
<li><strong>iPhone Fast Charging:</strong> 27W (USB-C to Lightning: 9V 3A)</li>
<li><strong>USB-A Output:</strong> 9V 2A / 5V 3A</li>
<li><strong>Data Transfer:</strong> USB 2.0, 480Mbps (all combinations)</li>
<li><strong>Length:</strong> 15.5cm / 6in</li>
<li><strong>Cable Material:</strong> 4-layer: aramid fiber + braided copper wire + TPU protection + nylon braided exterior</li>
<li><strong>Cap:</strong> Permanently tethered silicone (loss-proof design)</li>
<li><strong>No Micro-USB:</strong> Modern connectors only (USB-C + Lightning)</li>
<li><strong>Colors:</strong> Lanzarote Gray, Sahara Beige, Atacama Orange</li>
<li><strong>Rating:</strong> 4.51/5 (208+ reviews)</li>
<li><strong>Design:</strong> Designed in Switzerland</li>
<li><strong>In the Box:</strong> 1x inCharge XS</li>
</ul>"

DESCRIPTION - FAQ;"<h3>Frequently Asked Questions</h3>
<details><summary><strong>Can inCharge 6 charge a MacBook or laptop?</strong></summary><p>inCharge 6 delivers up to 15W, which is designed for phones, tablets, e-readers, and small devices. For laptop charging, choose inCharge X or XS which deliver 100W and 240W respectively.</p></details>
<details><summary><strong>Does it support data transfer or just charging?</strong></summary><p>Yes, inCharge 6 supports USB 2.0 data transfer at 480Mbps across all connector combinations. Most budget keychain cables are charge-only.</p></details>
<details><summary><strong>Is it strong enough for daily use on a keyring?</strong></summary><p>Yes. The nylon braided construction with reinforced connector joints is built for the wear and tear of daily keyring carry. Designed and stress-tested in Switzerland.</p></details>
<details><summary><strong>Does it work with the latest iPhone and USB-C iPads?</strong></summary><p>Yes. USB-C to USB-C for new iPhones/iPads, and Lightning for older models. One cable covers all generations.</p></details>";"<h3>Frequently Asked Questions</h3>
<details><summary><strong>Can inCharge X really charge a MacBook at full speed?</strong></summary><p>Yes. At 100W USB-C Power Delivery, inCharge X charges MacBook Air and most MacBook Pro models at their maximum charging speed — the same as Apple's own cable.</p></details>
<details><summary><strong>How is it only 23 grams with all these connectors?</strong></summary><p>Precision engineering with zinc-aluminum alloy connectors and aramid fiber keeps weight minimal. At 23g, it's lighter than most house keys.</p></details>
<details><summary><strong>What's the difference between inCharge X and inCharge XS?</strong></summary><p>inCharge X has 6-in-1 connectors (including Micro-USB) at 100W. inCharge XS has 4-in-1 connectors (no Micro-USB) at 240W. Choose X for maximum compatibility, XS for maximum power.</p></details>
<details><summary><strong>Does the magnetic folding mechanism hold securely?</strong></summary><p>Yes. Strong neodymium magnets keep the cable folded shut. It won't unfold in your pocket or on your keyring during daily carry.</p></details>
<details><summary><strong>Can I transfer files between my phone and laptop?</strong></summary><p>Yes. 480Mbps USB 2.0 data transfer works across all 6 connector combinations. Sync photos, files, and music between any devices.</p></details>";"<h3>Frequently Asked Questions</h3>
<details><summary><strong>What's the difference between XL Pocket and inCharge X?</strong></summary><p>Both deliver 100W and 6-in-1 connectivity. XL Pocket is slightly longer (6.1in vs 5.7in) making it more comfortable for power bank use, while inCharge X is more compact for pure keyring carry.</p></details>
<details><summary><strong>Can it charge a MacBook?</strong></summary><p>Yes. 100W USB-C Power Delivery charges MacBook Air at full speed and most MacBook Pro models at near-full speed.</p></details>
<details><summary><strong>Is the length practical for a keyring?</strong></summary><p>Yes. At 6.1 inches, it's slightly longer than inCharge X but still compact enough for keyring carry while being more practical for connecting devices.</p></details>
<details><summary><strong>Does it include Micro-USB?</strong></summary><p>Yes. 6-in-1 includes USB-C, Lightning, and Micro-USB outputs from both USB-A and USB-C inputs. Perfect if you still have older devices.</p></details>";"<h3>Frequently Asked Questions</h3>
<details><summary><strong>Why 30cm instead of a longer cable?</strong></summary><p>30cm (1 foot) is the ideal length for two main use cases: power bank in your bag connected to phone in your hand, and charger on desk connected to device nearby. It eliminates cable clutter while remaining practical.</p></details>
<details><summary><strong>Can it charge a MacBook from a wall charger?</strong></summary><p>Yes. At 100W USB-C PD, it charges MacBook Air at full speed from any 65W+ wall charger. Perfect replacement for Apple's own cable when traveling.</p></details>
<details><summary><strong>What devices work with the Micro-USB connector?</strong></summary><p>Kindle e-readers, older Bluetooth headphones, portable speakers, older Android phones, gaming controllers, fitness trackers, and many other devices still use Micro-USB.</p></details>
<details><summary><strong>Is it small enough for a travel bag?</strong></summary><p>At 30cm it coils neatly into any travel pouch or bag pocket. Significantly more compact than carrying 3-4 separate cables.</p></details>
<details><summary><strong>Can I use it for data transfer between devices?</strong></summary><p>Yes. 480Mbps USB 2.0 data transfer works across all 6 combinations. Sync photos, transfer files, and backup data.</p></details>";"<h3>Frequently Asked Questions</h3>
<details><summary><strong>240W — can it really charge a MacBook Pro at full speed?</strong></summary><p>Yes. The USB-C to USB-C connection supports 48V/5A (240W), which exceeds the maximum charging speed of every MacBook Pro, Dell XPS, ThinkPad, and HP Spectre currently available.</p></details>
<details><summary><strong>Why only 4 connections instead of 6 like inCharge X?</strong></summary><p>inCharge XS drops Micro-USB to focus on modern connectors (USB-C and Lightning) and achieve the 240W rating. If you still need Micro-USB, choose inCharge X (100W, 6-in-1).</p></details>
<details><summary><strong>Is 240W safe for my devices?</strong></summary><p>Absolutely. USB-C Power Delivery negotiates the correct voltage and amperage for each device automatically. Your iPhone will draw only what it needs (up to 27W), while your laptop draws its maximum.</p></details>
<details><summary><strong>What's the tethered cap for?</strong></summary><p>The silicone cap protects the connectors from dust, lint, and damage during daily keyring carry. It's permanently attached so you can never lose it — a common complaint with other keychain cables.</p></details>
<details><summary><strong>Can I use it as my only cable when traveling?</strong></summary><p>If all your devices are USB-C or Lightning (no Micro-USB), yes. One 15.5cm cable replaces your laptop charger cable, phone cable, and tablet cable.</p></details>"

DESCRIPTION - CLOSING CTA;"<h3>Always Have a Cable</h3>
<p>inCharge 6 is the simplest way to never be without a charging cable. <strong>6 connections, data transfer, keyring-sized</strong> — and at <strong>$19.90</strong>, it's the easiest tech upgrade you'll make this year.</p>
<p>30-day risk-free trial. Worldwide warranty. Designed in Switzerland.</p>";"<h3>Replace Your Cable Drawer</h3>
<p>inCharge X puts <strong>100W fast charging, 6 connections, and 480Mbps data transfer</strong> in a <strong>23-gram cable on your keyring</strong>. Over 400,000 people already made the switch.</p>
<p><strong>$29.90</strong> — 30-day risk-free trial. Worldwide warranty. Designed in Switzerland.</p>";"<h3>The Best of Both Worlds</h3>
<p>inCharge XL Pocket gives you <strong>100W, 6-in-1 charging</strong> in a format that's <strong>compact enough for your keyring</strong> yet <strong>long enough for comfortable daily use</strong>. The perfect companion for your power bank.</p>
<p><strong>$29.90</strong> — 30-day risk-free trial. Worldwide warranty. Designed in Switzerland.</p>";"<h3>One Cable. Every Device. Zero Clutter.</h3>
<p>inCharge XL 30cm delivers <strong>100W fast charging for 6 different connection types</strong> at the ideal travel length. Stop carrying a bag full of cables — carry one.</p>
<p><strong>$29.90</strong> — 30-day risk-free trial. Worldwide warranty. Designed in Switzerland.</p>";"<h3>Maximum Power. Minimum Size.</h3>
<p>inCharge XS is the most powerful keyring cable ever made: <strong>240W USB-C charging</strong> that handles MacBook Pro at full speed, in a cable that fits on your keys. Nothing else comes close.</p>
<p><strong>$29.90</strong> — 30-day risk-free trial. Worldwide warranty. Designed in Switzerland.</p>"

WHICH inCHARGE IS RIGHT FOR YOU? (cross-sell guide);"<h3>Not Sure Which inCharge to Choose?</h3>
<table>
<thead><tr><th>Need</th><th>Best Choice</th><th>Why</th></tr></thead>
<tbody>
<tr><td>Budget universal cable</td><td><strong>inCharge 6</strong></td><td>$19.90, 6-in-1, all basic charging needs</td></tr>
<tr><td>Maximum versatility on keyring</td><td><strong>inCharge X</strong></td><td>100W + 6-in-1 + 23g + magnetic folding</td></tr>
<tr><td>Keyring + power bank use</td><td><strong>inCharge XL Pocket</strong></td><td>Same as X but slightly longer for comfort</td></tr>
<tr><td>Travel bag / desk cable</td><td><strong>inCharge XL 30cm</strong></td><td>Perfect length for bag and desk, 100W</td></tr>
<tr><td>Maximum charging speed</td><td><strong>inCharge XS</strong></td><td>240W charges any laptop at full speed</td></tr>
<tr><td>Longer desk/home cable</td><td><strong>inCharge XL 2m or 3m</strong></td><td>100W at couch-to-outlet length</td></tr>
</tbody></table>;";";";";"
